{
  "cycle": "quality_max_microcycle_01",
  "scientific_status": "preliminary_non_publishable",
  "claim_status": "preliminary_supported",
  "model": {
    "C": 100,
    "X0": 50,
    "delta": 2.0,
    "horizon": 500,
    "p_values": [
      0.02,
      0.1,
      0.2
    ]
  },
  "environment": {
    "python": "3.14.3",
    "platform": "Windows-10-10.0.19045-SP0",
    "logical_cpus": 4,
    "numpy": "2.4.3",
    "numba": "0.65.0",
    "numba_threads": 4
  },
  "jit_warmup_seconds": 3.24279260000003,
  "pilot": {
    "label": "pilot",
    "seed": 20260429,
    "rows": [
      {
        "phase": "pilot",
        "p": 0.02,
        "lambda": 96.0,
        "delta": 2.0,
        "sigma2": 292.0,
        "n_runs": 250,
        "horizon": 500,
        "collapses": 104,
        "collapse_probability": 0.416,
        "wilson95_low": 0.35662335915134685,
        "wilson95_high": 0.47791903516388773,
        "restricted_mean_tau_Tplus1": 308.444,
        "conditional_mean_tau": 38.125,
        "reference_numba_exact": true,
        "fixed_input_reproducible": true,
        "fixed_seed_regeneration_reproducible": true,
        "reference_seconds": 0.1033397999999579,
        "numba_seconds": 0.0001519999987067422,
        "numba_repeat_seconds": 9.979999958886765e-05
      },
      {
        "phase": "pilot",
        "p": 0.1,
        "lambda": 88.0,
        "delta": 2.0,
        "sigma2": 988.0000000000002,
        "n_runs": 250,
        "horizon": 500,
        "collapses": 177,
        "collapse_probability": 0.708,
        "wilson95_low": 0.6488299033041979,
        "wilson95_high": 0.7608746441056972,
        "restricted_mean_tau_Tplus1": 172.696,
        "conditional_mean_tau": 37.293785310734464,
        "reference_numba_exact": true,
        "fixed_input_reproducible": true,
        "fixed_seed_regeneration_reproducible": true,
        "reference_seconds": 0.05857310000101279,
        "numba_seconds": 0.0001274999995075632,
        "numba_repeat_seconds": 8.689999958733097e-05
      },
      {
        "phase": "pilot",
        "p": 0.2,
        "lambda": 78.0,
        "delta": 2.0,
        "sigma2": 1678.0000000000005,
        "n_runs": 250,
        "horizon": 500,
        "collapses": 198,
        "collapse_probability": 0.792,
        "wilson95_low": 0.7374559719572936,
        "wilson95_high": 0.8377061811373668,
        "restricted_mean_tau_Tplus1": 127.16,
        "conditional_mean_tau": 28.97979797979798,
        "reference_numba_exact": true,
        "fixed_input_reproducible": true,
        "fixed_seed_regeneration_reproducible": true,
        "reference_seconds": 0.04916950000006182,
        "numba_seconds": 0.00013140000010025688,
        "numba_repeat_seconds": 0.0001019000010273885
      }
    ],
    "adjacent_risk_differences": [
      0.292,
      0.08400000000000007
    ],
    "adjacent_difference_bootstrap95": [
      [
        0.20799999999999996,
        0.372
      ],
      [
        0.008000000000000007,
        0.15999999999999992
      ]
    ],
    "monotone": true,
    "exact_all": true,
    "reproducible_all": true,
    "timing": {
      "input_generation_seconds": 0.10914459999912651,
      "reference_seconds": 0.2110824000010325,
      "numba_seconds": 0.00041089999831456225,
      "numba_repeat_seconds": 0.0002886000002035871,
      "warmed_speedup": 731.4012468888726
    }
  },
  "confirmation": {
    "label": "confirmation",
    "seed": 20260430,
    "rows": [
      {
        "phase": "confirmation",
        "p": 0.02,
        "lambda": 96.0,
        "delta": 2.0,
        "sigma2": 292.0,
        "n_runs": 500,
        "horizon": 500,
        "collapses": 221,
        "collapse_probability": 0.442,
        "wilson95_low": 0.3990759531428234,
        "wilson95_high": 0.4858084703507167,
        "restricted_mean_tau_Tplus1": 296.638,
        "conditional_mean_tau": 38.64253393665158,
        "reference_numba_exact": true,
        "fixed_input_reproducible": true,
        "fixed_seed_regeneration_reproducible": true,
        "reference_seconds": 0.2206982000006974,
        "numba_seconds": 0.0013562999993155245,
        "numba_repeat_seconds": 0.0031398999999510124
      },
      {
        "phase": "confirmation",
        "p": 0.1,
        "lambda": 88.0,
        "delta": 2.0,
        "sigma2": 988.0000000000002,
        "n_runs": 500,
        "horizon": 500,
        "collapses": 352,
        "collapse_probability": 0.704,
        "wilson95_low": 0.6625546643222885,
        "wilson95_high": 0.742334604769398,
        "restricted_mean_tau_Tplus1": 171.068,
        "conditional_mean_tau": 32.34659090909091,
        "reference_numba_exact": true,
        "fixed_input_reproducible": true,
        "fixed_seed_regeneration_reproducible": true,
        "reference_seconds": 0.11625350000031176,
        "numba_seconds": 0.00019519999841577373,
        "numba_repeat_seconds": 0.00015170000006037299
      },
      {
        "phase": "confirmation",
        "p": 0.2,
        "lambda": 78.0,
        "delta": 2.0,
        "sigma2": 1678.0000000000005,
        "n_runs": 500,
        "horizon": 500,
        "collapses": 409,
        "collapse_probability": 0.818,
        "wilson95_low": 0.7817973646706083,
        "wilson95_high": 0.8493535547958443,
        "restricted_mean_tau_Tplus1": 113.052,
        "conditional_mean_tau": 26.7359413202934,
        "reference_numba_exact": true,
        "fixed_input_reproducible": true,
        "fixed_seed_regeneration_reproducible": true,
        "reference_seconds": 0.07692189999943366,
        "numba_seconds": 0.001261999999769614,
        "numba_repeat_seconds": 0.0007793999993737089
      }
    ],
    "adjacent_risk_differences": [
      0.26199999999999996,
      0.11399999999999999
    ],
    "adjacent_difference_bootstrap95": [
      [
        0.20400000000000007,
        0.32
      ],
      [
        0.06195000000000006,
        0.16399999999999992
      ]
    ],
    "monotone": true,
    "exact_all": true,
    "reproducible_all": true,
    "timing": {
      "input_generation_seconds": 0.30771789999926114,
      "reference_seconds": 0.4138736000004428,
      "numba_seconds": 0.0028134999975009123,
      "numba_repeat_seconds": 0.004070999999385094,
      "warmed_speedup": 101.66386638736343
    }
  },
  "infrastructure_pass": true,
  "total_seconds": 5.027111000001241
}